{
  "desc": {
    "n": 280,
    "price_mean": 2.8,
    "price_median": 3.0,
    "price_std": 0.9593904875111497,
    "ppsqm_mean": 0.028769684858987215,
    "rooms_dist": {
      "2.0": 35,
      "2.5": 41,
      "3.0": 45,
      "3.5": 41,
      "4.0": 43,
      "4.5": 39,
      "5.0": 36
    }
  },
  "t_test_telaviv_vs_jerusalem": {
    "t_stat": 3.7390752207847435,
    "p_value": 0.00045781887082725793,
    "n_tel_aviv": 28,
    "n_jerusalem": 36
  }
}