{
  "linear_regression": {
    "rmse": 2044131.8893020407,
    "r2": 0.4406397491117786
  },
  "random_forest": {
    "rmse": 2236448.385871775,
    "r2": 0.33043686532067684
  }
}