{
  "linear_regression": {
    "rmse": 2599049.6960804663,
    "r2": 0.1478727906957582
  },
  "random_forest": {
    "rmse": 2747086.7089937516,
    "r2": 0.04803714883097088
  }
}